{
  "start_time": "2026-01-26T15:25:03.617488",
  "total_nodes": 6,
  "snr": 14.0,
  "n": 4,
  "p_node_levels": [
    0.6,
    0.7,
    0.8,
    0.9
  ],
  "rounds_per_config": 200,
  "vote_deadline": 0.4,
  "results": [
    {
      "snr": 14.0,
      "p_node": 0.6,
      "n": 4,
      "p_sys": 0.645,
      "avg_effective_scale": 2.835,
      "std_effective_scale": 0.3721119948126062,
      "success_count": 129,
      "total_rounds": 200,
      "packet_loss_rate": 0.05500000000000005,
      "raw_effective_scales": [
        2,
        3,
        3,
        3,
        2,
        3,
        3,
        2,
        3,
        3,
        3,
        2,
        3,
        3,
        3,
        3,
        2,
        2,
        2,
        3,
        3,
        3,
        3,
        3,
        3,
        3,
        3,
        3,
        3,
        3,
        2,
        3,
        2,
        3,
        2,
        3,
        3,
        3,
        3,
        3,
        3,
        3,
        3,
        3,
        2,
        3,
        3,
        3,
        2,
        3,
        2,
        3,
        3,
        3,
        2,
        3,
        3,
        3,
        3,
        3,
        3,
        3,
        3,
        3,
        3,
        3,
        3,
        3,
        3,
        3,
        3,
        3,
        3,
        3,
        3,
        3,
        3,
        3,
        3,
        3,
        3,
        3,
        3,
        3,
        3,
        2,
        2,
        3,
        3,
        3,
        2,
        2,
        3,
        3,
        3,
        3,
        3,
        3,
        3,
        3,
        2,
        3,
        3,
        2,
        3,
        3,
        3,
        2,
        3,
        3,
        3,
        3,
        2,
        3,
        3,
        3,
        2,
        2,
        3,
        3,
        3,
        3,
        2,
        3,
        3,
        3,
        3,
        2,
        3,
        2,
        3,
        3,
        3,
        3,
        3,
        3,
        3,
        3,
        3,
        3,
        3,
        3,
        3,
        3,
        3,
        3,
        3,
        3,
        3,
        3,
        3,
        3,
        3,
        3,
        3,
        2,
        2,
        2,
        3,
        3,
        3,
        3,
        3,
        3,
        3,
        3,
        3,
        3,
        3,
        3,
        3,
        3,
        3,
        3,
        3,
        3,
        3,
        2,
        3,
        3,
        3,
        3,
        3,
        3,
        3,
        3,
        3,
        3,
        3,
        3,
        3,
        3,
        3,
        3,
        3,
        3,
        3,
        2,
        2,
        3
      ]
    },
    {
      "snr": 14.0,
      "p_node": 0.7,
      "n": 4,
      "p_sys": 0.725,
      "avg_effective_scale": 2.675,
      "std_effective_scale": 0.584020891758206,
      "success_count": 145,
      "total_rounds": 200,
      "packet_loss_rate": 0.10833333333333328,
      "raw_effective_scales": [
        3,
        3,
        3,
        3,
        2,
        3,
        2,
        3,
        2,
        3,
        3,
        2,
        3,
        3,
        3,
        3,
        3,
        2,
        3,
        2,
        3,
        3,
        3,
        3,
        3,
        3,
        3,
        3,
        3,
        3,
        3,
        3,
        3,
        2,
        3,
        2,
        3,
        3,
        3,
        3,
        3,
        2,
        3,
        3,
        3,
        3,
        3,
        3,
        3,
        2,
        3,
        3,
        3,
        3,
        3,
        2,
        2,
        3,
        3,
        3,
        3,
        3,
        3,
        3,
        3,
        2,
        3,
        3,
        2,
        3,
        3,
        3,
        2,
        2,
        3,
        3,
        3,
        3,
        3,
        2,
        1,
        3,
        3,
        3,
        2,
        2,
        3,
        3,
        2,
        1,
        2,
        1,
        3,
        3,
        3,
        3,
        3,
        3,
        3,
        3,
        3,
        3,
        3,
        2,
        3,
        2,
        3,
        3,
        2,
        3,
        3,
        3,
        3,
        3,
        3,
        2,
        3,
        3,
        3,
        3,
        3,
        3,
        2,
        3,
        2,
        2,
        3,
        3,
        3,
        3,
        3,
        3,
        3,
        3,
        3,
        3,
        2,
        3,
        3,
        3,
        3,
        2,
        3,
        1,
        3,
        2,
        2,
        3,
        3,
        3,
        3,
        3,
        2,
        2,
        3,
        3,
        3,
        3,
        3,
        3,
        3,
        3,
        3,
        3,
        3,
        3,
        3,
        2,
        2,
        3,
        3,
        3,
        3,
        3,
        3,
        3,
        3,
        3,
        3,
        2,
        2,
        2,
        2,
        2,
        3,
        1,
        3,
        2,
        2,
        2,
        3,
        0,
        3,
        0,
        2,
        2,
        3,
        3,
        1,
        2
      ]
    },
    {
      "snr": 14.0,
      "p_node": 0.8,
      "n": 4,
      "p_sys": 0.825,
      "avg_effective_scale": 2.025,
      "std_effective_scale": 1.0910209132577748,
      "success_count": 165,
      "total_rounds": 200,
      "packet_loss_rate": 0.32499999999999996,
      "raw_effective_scales": [
        3,
        2,
        3,
        2,
        3,
        2,
        3,
        1,
        3,
        0,
        1,
        0,
        3,
        3,
        0,
        3,
        0,
        3,
        3,
        3,
        3,
        1,
        2,
        0,
        2,
        0,
        3,
        0,
        2,
        3,
        2,
        2,
        2,
        3,
        2,
        2,
        3,
        3,
        2,
        3,
        0,
        2,
        1,
        2,
        0,
        2,
        2,
        3,
        2,
        3,
        2,
        2,
        2,
        1,
        1,
        3,
        3,
        2,
        2,
        2,
        3,
        3,
        3,
        3,
        3,
        3,
        1,
        2,
        3,
        3,
        1,
        3,
        3,
        3,
        3,
        1,
        3,
        3,
        0,
        3,
        2,
        2,
        0,
        3,
        3,
        3,
        3,
        1,
        3,
        2,
        1,
        2,
        3,
        2,
        2,
        0,
        2,
        2,
        3,
        1,
        2,
        2,
        3,
        2,
        2,
        0,
        3,
        1,
        0,
        3,
        3,
        3,
        2,
        0,
        3,
        0,
        2,
        0,
        2,
        1,
        3,
        0,
        1,
        1,
        3,
        3,
        3,
        2,
        3,
        3,
        0,
        0,
        2,
        2,
        0,
        2,
        0,
        3,
        0,
        2,
        0,
        3,
        1,
        2,
        3,
        0,
        3,
        0,
        2,
        3,
        3,
        2,
        2,
        3,
        3,
        2,
        3,
        3,
        2,
        3,
        2,
        3,
        3,
        3,
        2,
        3,
        1,
        3,
        3,
        3,
        3,
        3,
        3,
        3,
        0,
        3,
        0,
        2,
        1,
        2,
        0,
        3,
        3,
        2,
        3,
        2,
        2,
        3,
        3,
        2,
        1,
        3,
        0,
        3,
        0,
        0,
        2,
        3,
        3,
        3
      ]
    },
    {
      "snr": 14.0,
      "p_node": 0.9,
      "n": 4,
      "p_sys": 0.98,
      "avg_effective_scale": 2.045,
      "std_effective_scale": 1.0528616186088742,
      "success_count": 196,
      "total_rounds": 200,