{
  "start_time": "2026-01-25T22:36:34.334512",
  "total_nodes": 6,
  "snr": 18.0,
  "n": 4,
  "p_node_levels": [
    0.6,
    0.7,
    0.8,
    0.9
  ],
  "rounds_per_config": 100,
  "vote_deadline": 2.0,
  "results": [
    {
      "snr": 18.0,
      "p_node": 0.6,
      "n": 4,
      "p_sys": 0.61,
      "avg_effective_scale": 2.17,
      "std_effective_scale": 1.0449977043133645,
      "success_count": 61,
      "total_rounds": 100,
      "raw_effective_scales": [
        3,
        3,
        3,
        3,
        1,
        1,
        0,
        3,
        3,
        3,
        1,
        0,
        2,
        3,
        3,
        1,
        3,
        1,
        0,
        2,
        3,
        2,
        1,
        3,
        3,
        3,
        3,
        2,
        3,
        0,
        3,
        2,
        1,
        1,
        3,
        3,
        0,
        2,
        3,
        2,
        3,
        1,
        1,
        3,
        3,
        3,
        2,
        3,
        3,
        3,
        1,
        0,
        0,
        3,
        2,
        3,
        2,
        3,
        1,
        3,
        3,
        3,
        1,
        3,
        3,
        1,
        3,
        2,
        2,
        1,
        3,
        3,
        3,
        3,
        2,
        3,
        3,
        1,
        1,
        3,
        1,
        3,
        1,
        3,
        1,
        3,
        3,
        3,
        3,
        3,
        3,
        1,
        3,
        3,
        1,
        3,
        0,
        3,
        3,
        1
      ]
    }
  ]
}