{
  "start_time": "2026-01-26T10:05:20.183826",
  "total_nodes": 6,
  "snr": 16.0,
  "n": 4,
  "p_node_levels": [
    0.6,
    0.7,
    0.8,
    0.9
  ],
  "rounds_per_config": 50,
  "vote_deadline": 2.0,
  "results": [
    {
      "snr": 16.0,
      "p_node": 0.6,
      "n": 4,
      "p_sys": 0.74,
      "avg_effective_scale": 2.46,
      "std_effective_scale": 0.7342912729083655,
      "success_count": 37,
      "total_rounds": 50,
      "raw_effective_scales": [
        3,
        3,
        2,
        1,
        2,
        3,
        3,
        3,
        1,
        1,
        2,
        3,
        3,
        3,
        3,
        3,
        2,
        2,
        3,
        3,
        2,
        3,
        3,
        3,
        3,
        3,
        2,
        2,
        3,
        2,
        3,
        3,
        3,
        3,
        2,
        3,
        1,
        2,
        3,
        1,
        3,
        3,
        3,
        1,
        3,
        1,
        3,
        2,
        3,
        2
      ]
    },
    {
      "snr": 16.0,
      "p_node": 0.7,
      "n": 4,
      "p_sys": 0.76,
      "avg_effective_scale": 2.28,
      "std_effective_scale": 0.8580947095817832,
      "success_count": 38,
      "total_rounds": 50,
      "raw_effective_scales": [
        2,
        3,
        3,
        1,
        2,
        3,
        3,
        3,
        2,
        2,
        2,
        1,
        1,
        1,
        3,
        3,
        2,
        1,
        3,
        3,
        3,
        1,
        3,
        3,
        3,
        1,
        3,
        3,
        2,
        3,
        1,
        2,
        3,
        2,
        3,
        2,
        3,
        3,
        3,
        2,
        0,
        3,
        2,
        3,
        3,
        3,
        1,
        1,
        3,
        2
      ]
    },
    {
      "snr": 16.0,
      "p_node": 0.8,
      "n": 4,
      "p_sys": 0.88,
      "avg_effective_scale": 2.46,
      "std_effective_scale": 0.8134080483135291,
      "success_count": 44,
      "total_rounds": 50,
      "raw_effective_scales": [
        2,
        3,
        3,
        3,
        3,
        3,
        2,
        3,
        2,
        3,
        3,
        3,
        1,
        3,
        3,
        3,
        2,
        3,
        3,
        1,
        3,
        3,
        3,
        1,
        1,
        3,
        3,
        1,
        0,
        3,
        2,
        1,
        3,
        2,
        1,
        3,
        3,
        3,
        3,
        3,
        3,
        3,
        2,
        2,
        3,
        2,
        2,
        3,
        3,
        3
      ]
    },
    {
      "snr": 16.0,
      "p_node": 0.9,
      "n": 4,
      "p_sys": 0.96,
      "avg_effective_scale": 2.48,
      "std_effective_scale": 0.8628382211737999,
      "success_count": 48,
      "total_rounds": 50,
      "raw_effective_scales": [
        3,
        2,
        3,
        2,
        3,
        3,
        0,
        1,
        3,
        3,
        3,
        2,
        3,
        3,
        3,
        3,
        3,
        1,
        3,
        3,
        1,
        2,
        3,
        3,
        3,
        3,
        2,
        3,
        1,
        3,
        3,
        3,
        3,
        2,
        0,
        2,
        3,
        3,
        3,
        1,
        3,
        2,
        3,
        3,
        1,
        3,
        3,
        3,
        3,
        3
      ]
    }
  ]
}