{
  "start_time": "2026-01-25T21:47:40.542013",
  "total_nodes": 6,
  "snr": 18.0,
  "n": 4,
  "p_node_levels": [
    0.6,
    0.7,
    0.8,
    0.9
  ],
  "rounds_per_config": 50,
  "vote_deadline": 2.0,
  "results": [
    {
      "snr": 18.0,
      "p_node": 0.6,
      "n": 4,
      "p_sys": 0.56,
      "avg_effective_scale": 1.98,
      "std_effective_scale": 1.1155670288774078,
      "success_count": 28,
      "total_rounds": 50,
      "raw_effective_scales": [
        1,
        3,
        0,
        3,
        3,
        3,
        1,
        0,
        1,
        3,
        3,
        0,
        2,
        3,
        1,
        3,
        3,
        1,
        2,
        3,
        3,
        3,
        3,
        1,
        1,
        1,
        3,
        3,
        2,
        0,
        3,
        3,
        1,
        3,
        3,
        0,
        3,
        3,
        1,
        3,
        2,
        3,
        3,
        1,
        3,
        1,
        1,
        1,
        1,
        1
      ]
    }
  ]
}