{
  "start_time": "2026-01-25T21:59:26.028495",
  "total_nodes": 6,
  "snr": 18.0,
  "n": 4,
  "p_node_levels": [
    0.6,
    0.7,
    0.8,
    0.9
  ],
  "rounds_per_config": 30,
  "vote_deadline": 2.0,
  "results": [
    {
      "snr": 18.0,
      "p_node": 0.6,
      "n": 4,
      "p_sys": 0.7333333333333333,
      "avg_effective_scale": 2.2666666666666666,
      "std_effective_scale": 0.9444331755018487,
      "success_count": 22,
      "total_rounds": 30,
      "raw_effective_scales": [
        3,
        3,
        3,
        1,
        3,
        3,
        1,
        3,
        1,
        2,
        1,
        1,
        1,
        3,
        3,
        1,
        1,
        3,
        3,
        3,
        1,
        2,
        3,
        3,
        3,
        1,
        3,
        3,
        3,
        3
      ]
    },
    {
      "snr": 18.0,
      "p_node": 0.7,
      "n": 4,
      "p_sys": 0.8,
      "avg_effective_scale": 2.3333333333333335,
      "std_effective_scale": 0.9942362632324556,
      "success_count": 24,
      "total_rounds": 30,
      "raw_effective_scales": [
        3,
        3,
        2,
        3,
        0,
        3,
        3,
        3,
        1,
        3,
        3,
        1,
        1,
        2,
        3,
        3,
        1,
        3,
        2,
        0,
        1,
        3,
        3,
        2,
        3,
        3,
        3,
        3,
        3,
        3
      ]
    },
    {
      "snr": 18.0,
      "p_node": 0.8,
      "n": 4,
      "p_sys": 0.9666666666666667,
      "avg_effective_scale": 2.466666666666667,
      "std_effective_scale": 0.8193072487266861,
      "success_count": 29,
      "total_rounds": 30,
      "raw_effective_scales": [
        1,
        3,
        3,
        1,
        3,
        1,
        3,
        1,
        3,
        3,
        3,
        2,
        3,
        1,
        3,
        3,
        3,
        3,
        3,
        2,
        3,
        1,
        3,
        3,
        3,
        3,
        3,
        2,
        2,
        3
      ]
    },
    {
      "snr": 18.0,
      "p_node": 0.9,
      "n": 4,
      "p_sys": 0.9666666666666667,
      "avg_effective_scale": 2.066666666666667,
      "std_effective_scale": 0.980265035707122,
      "success_count": 29,
      "total_rounds": 30,
      "raw_effective_scales": [
        2,
        1,
        3,
        2,
        1,
        3,
        3,
        3,
        1,
        1,
        3,
        1,
        3,
        1,
        3,
        0,
        3,
        3,
        3,
        1,
        3,
        3,
        1,
        3,
        2,
        2,
        1,
        1,
        3,
        2
      ]
    }
  ]
}