{
  "start_time": "2026-01-25T21:54:32.397794",
  "total_nodes": 6,
  "snr": 18.0,
  "n": 4,
  "p_node_levels": [
    0.6,
    0.7,
    0.8,
    0.9
  ],
  "rounds_per_config": 40,
  "vote_deadline": 2.0,
  "results": [
    {
      "snr": 18.0,
      "p_node": 0.6,
      "n": 4,
      "p_sys": 0.6,
      "avg_effective_scale": 2.4,
      "std_effective_scale": 0.9818872461248105,
      "success_count": 24,
      "total_rounds": 40,
      "raw_effective_scales": [
        3,
        3,
        3,
        0,
        1,
        3,
        2,
        1,
        0,
        1,
        3,
        3,
        3,
        3,
        1,
        1,
        3,
        3,
        1,
        3,
        3,
        1,
        3,
        3,
        3,
        2,
        3,
        3,
        3,
        3,
        1,
        3,
        3,
        3,
        3,
        3,
        3,
        3,
        3,
        3
      ]
    },
    {
      "snr": 18.0,
      "p_node": 0.7,
      "n": 4,
      "p_sys": 0.775,
      "avg_effective_scale": 2.375,
      "std_effective_scale": 0.9250779592927456,
      "success_count": 31,
      "total_rounds": 40,
      "raw_effective_scales": [
        3,
        3,
        3,
        3,
        3,
        1,
        0,
        2,
        3,
        3,
        3,
        2,
        1,
        3,
        2,
        1,
        3,
        3,
        3,
        3,
        2,
        3,
        3,
        3,
        1,
        1,
        3,
        3,
        3,
        2,
        3,
        3,
        3,
        2,
        3,
        0,
        3,
        2,
        1,
        3
      ]
    },
    {
      "snr": 18.0,
      "p_node": 0.8,
      "n": 4,
      "p_sys": 0.85,
      "avg_effective_scale": 2.35,
      "std_effective_scale": 1.0012812305062462,
      "success_count": 34,
      "total_rounds": 40,
      "raw_effective_scales": [
        3,
        1,
        2,
        0,
        3,
        3,
        3,
        1,
        3,
        3,
        1,
        0,
        3,
        3,
        3,
        3,
        1,
        3,
        3,
        3,
        3,
        1,
        1,
        3,
        3,
        3,
        3,
        3,
        2,
        3,
        3,
        1,
        3,
        3,
        3,
        1,
        3,
        1,
        3,
        3
      ]
    }
  ]
}