{
  "start_time": "2026-01-26T10:53:47.599976",
  "total_nodes": 6,
  "snr": 16.0,
  "n": 4,
  "p_node_levels": [
    0.6,
    0.7,
    0.8,
    0.9
  ],
  "rounds_per_config": 50,
  "vote_deadline": 2.0,
  "results": [
    {
      "snr": 16.0,
      "p_node": 0.6,
      "n": 4,
      "p_sys": 0.58,
      "avg_effective_scale": 2.04,
      "std_effective_scale": 0.9680613912055667,
      "success_count": 29,
      "total_rounds": 50,
      "packet_loss_rate": 0.31999999999999995,
      "raw_effective_scales": [
        1,
        1,
        3,
        1,
        3,
        3,
        3,
        3,
        1,
        2,
        2,
        3,
        1,
        3,
        3,
        3,
        3,
        1,
        1,
        3,
        2,
        1,
        1,
        3,
        3,
        1,
        0,
        1,
        3,
        1,
        3,
        1,
        1,
        1,
        3,
        1,
        3,
        1,
        2,
        3,
        2,
        1,
        2,
        3,
        3,
        3,
        3,
        1,
        2,
        3
      ]
    },
    {
      "snr": 16.0,
      "p_node": 0.7,
      "n": 4,
      "p_sys": 0.82,
      "avg_effective_scale": 2.28,
      "std_effective_scale": 0.9044109595053951,
      "success_count": 41,
      "total_rounds": 50,
      "packet_loss_rate": 0.24,
      "raw_effective_scales": [
        1,
        3,
        3,
        1,
        1,
        2,
        3,
        2,
        3,
        2,
        1,
        3,
        3,
        1,
        3,
        3,
        3,
        3,
        3,
        3,
        1,
        1,
        3,
        0,
        3,
        3,
        2,
        1,
        1,
        3,
        3,
        2,
        1,
        3,
        3,
        3,
        3,
        2,
        3,
        3,
        3,
        1,
        3,
        2,
        2,
        3,
        3,
        3,
        1,
        2
      ]
    }
  ]
}