{
  "start_time": "2026-01-25T21:28:03.266436",
  "total_nodes": 6,
  "snr": 18.0,
  "n": 4,
  "p_node_levels": [
    0.6,
    0.7,
    0.8,
    0.9,
    1.0
  ],
  "rounds_per_config": 30,
  "vote_deadline": 2.0,
  "results": [
    {
      "snr": 18.0,
      "p_node": 0.6,
      "n": 4,
      "p_sys": 0.7,
      "avg_effective_scale": 2,
      "std_effective_scale": 1.0827805840074194,
      "success_count": 21,
      "total_rounds": 30,
      "raw_effective_scales": [
        3,
        1,
        3,
        3,
        0,
        1,
        3,
        0,
        2,
        1,
        3,
        2,
        3,
        3,
        3,
        1,
        1,
        2,
        0,
        3,
        3,
        3,
        1,
        2,
        3,
        3,
        2,
        3,
        1,
        1
      ]
    },
    {
      "snr": 18.0,
      "p_node": 0.7,
      "n": 4,
      "p_sys": 0.8333333333333334,
      "avg_effective_scale": 2.433333333333333,
      "std_effective_scale": 1.0400044208570938,
      "success_count": 25,
      "total_rounds": 30,
      "raw_effective_scales": [
        3,
        3,
        2,
        3,
        3,
        3,
        3,
        3,
        1,
        3,
        0,
        3,
        0,
        2,
        3,
        3,
        0,
        3,
        1,
        3,
        3,
        3,
        3,
        3,
        3,
        3,
        1,
        3,
        3,
        3
      ]
    },
    {
      "snr": 18.0,
      "p_node": 0.8,
      "n": 4,
      "p_sys": 0.7666666666666667,
      "avg_effective_scale": 1.9666666666666666,
      "std_effective_scale": 1.1290317283753193,
      "success_count": 23,
      "total_rounds": 30,
      "raw_effective_scales": [
        3,
        2,
        1,
        0,
        3,
        3,
        1,
        2,
        1,
        3,
        3,
        3,
        3,
        3,
        2,
        1,
        3,
        0,
        1,
        0,
        3,
        3,
        0,
        1,
        3,
        3,
        2,
        3,
        1,
        2
      ]
    },
    {
      "snr": 18.0,
      "p_node": 0.9,
      "n": 4,
      "p_sys": 0.9666666666666667,
      "avg_effective_scale": 2.1,
      "std_effective_scale": 0.9948141396330237,
      "success_count": 29,
      "total_rounds": 30,
      "raw_effective_scales": [
        2,
        1,
        1,
        3,
        3,
        3,
        3,
        3,
        3,
        3,
        3,
        2,
        1,
        1,
        2,
        3,
        3,
        3,
        0,
        3,
        1,
        1,
        3,
        1,
        3,
        1,
        1,
        3,
        1,
        2
      ]
    }
  ]
}