{
  "start_time": "2026-01-25T20:34:23.408248",
  "total_nodes": 6,
  "snr": 18.0,
  "n": 4,
  "p_node_levels": [
    0.6,
    0.7,
    0.8,
    0.9,
    1.0
  ],
  "rounds_per_config": 30,
  "vote_deadline": 2.0,
  "results": [
    {
      "snr": 18.0,
      "p_node": 0.6,
      "n": 4,
      "p_sys": 0.9,
      "avg_effective_scale": 2.4,
      "std_effective_scale": 0.8944271909999159,
      "success_count": 27,
      "total_rounds": 30,
      "raw_effective_scales": [
        2,
        0,
        3,
        3,
        2,
        3,
        3,
        3,
        3,
        1,
        3,
        3,
        3,
        3,
        3,
        1,
        3,
        3,
        1,
        3,
        3,
        2,
        1,
        1,
        3,
        3,
        2,
        2,
        3,
        3
      ]
    },
    {
      "snr": 18.0,
      "p_node": 0.6,
      "n": 4,
      "p_sys": 0.9666666666666667,
      "avg_effective_scale": 2.3,
      "std_effective_scale": 0.9878573120474016,
      "success_count": 29,
      "total_rounds": 30,
      "raw_effective_scales": [
        3,
        2,
        3,
        3,
        3,
        3,
        2,
        1,
        0,
        3,
        1,
        2,
        0,
        3,
        1,
        3,
        3,
        3,
        1,
        3,
        1,
        3,
        2,
        3,
        3,
        3,
        3,
        2,
        3,
        3
      ]
    },
    {
      "snr": 18.0,
      "p_node": 0.6,
      "n": 4,
      "p_sys": 0.9666666666666667,
      "avg_effective_scale": 2.2,
      "std_effective_scale": 0.9613209303008453,
      "success_count": 29,
      "total_rounds": 30,
      "raw_effective_scales": [
        3,
        1,
        3,
        2,
        1,
        3,
        3,
        0,
        1,
        3,
        1,
        1,
        3,
        2,
        3,
        2,
        3,
        1,
        3,
        1,
        2,
        3,
        2,
        3,
        3,
        1,
        3,
        3,
        3,
        3
      ]
    }
  ]
}