{
  "start_time": "2026-01-25T20:58:15.400684",
  "total_nodes": 6,
  "snr": 18.0,
  "n": 4,
  "p_node_levels": [
    0.6,
    0.7,
    0.8,
    0.9,
    1.0
  ],
  "rounds_per_config": 30,
  "vote_deadline": 2.0,
  "results": [
    {
      "snr": 18.0,
      "p_node": 0.6,
      "n": 4,
      "p_sys": 0.6666666666666666,
      "avg_effective_scale": 2.3666666666666667,
      "std_effective_scale": 1.0333518722845685,
      "success_count": 20,
      "total_rounds": 30,
      "raw_effective_scales": [
        3,
        3,
        3,
        3,
        2,
        3,
        3,
        3,
        3,
        3,
        1,
        3,
        3,
        1,
        3,
        0,
        3,
        3,
        1,
        3,
        1,
        3,
        3,
        3,
        1,
        3,
        0,
        1,
        3,
        3
      ]
    },
    {
      "snr": 18.0,
      "p_node": 0.7,
      "n": 4,
      "p_sys": 0.6333333333333333,
      "avg_effective_scale": 2.1666666666666665,
      "std_effective_scale": 1.0531834608931392,
      "success_count": 19,
      "total_rounds": 30,
      "raw_effective_scales": [
        3,
        2,
        1,
        1,
        1,
        3,
        3,
        2,
        3,
        3,
        3,
        3,
        3,
        1,
        0,
        0,
        3,
        3,
        3,
        1,
        3,
        1,
        3,
        3,
        1,
        2,
        3,
        3,
        1,
        3
      ]
    },
    {
      "snr": 18.0,
      "p_node": 0.8,
      "n": 4,
      "p_sys": 0.8333333333333334,
      "avg_effective_scale": 2.1333333333333333,
      "std_effective_scale": 1.0742546199601597,
      "success_count": 25,
      "total_rounds": 30,
      "raw_effective_scales": [
        3,
        2,
        0,
        3,
        2,
        1,
        2,
        3,
        3,
        1,
        0,
        2,
        3,
        1,
        1,
        3,
        3,
        3,
        3,
        3,
        3,
        1,
        2,
        0,
        3,
        3,
        3,
        3,
        3,
        1
      ]
    },
    {
      "snr": 18.0,
      "p_node": 0.9,
      "n": 4,
      "p_sys": 0.9,
      "avg_effective_scale": 1.9666666666666666,
      "std_effective_scale": 0.9643054793328016,
      "success_count": 27,
      "total_rounds": 30,
      "raw_effective_scales": [
        1,
        1,
        3,
        3,
        1,
        1,
        3,
        1,
        1,
        1,
        3,
        3,
        2,
        1,
        3,
        1,
        2,
        1,
        3,
        3,
        3,
        1,
        3,
        3,
        2,
        3,
        1,
        3,
        1,
        1
      ]
    },
    {
      "snr": 18.0,
      "p_node": 1.0,
      "n": 4,
      "p_sys": 1.0,
      "avg_effective_scale": 2.1,
      "std_effective_scale": 1.1846722229638327,
      "success_count": 30,
      "total_rounds": 30,
      "raw_effective_scales": [
        3,
        0,
        3,
        1,
        3,
        3,
        2,
        3,
        0,
        1,
        3,
        1,
        3,
        0,
        3,
        3,
        1,
        3,
        3,
        1,
        3,
        3,
        3,
        1,
        0,
        3,
        3,
        1,
        3,
        3
      ]
    }
  ]
}