{
  "start_time": "2026-01-26T11:09:40.674998",
  "total_nodes": 6,
  "snr": 16.0,
  "n": 4,
  "p_node_levels": [
    0.6,
    0.7,
    0.8,
    0.9
  ],
  "rounds_per_config": 50,
  "vote_deadline": 2.0,
  "results": [
    {
      "snr": 16.0,
      "p_node": 0.6,
      "n": 4,
      "p_sys": 0.62,
      "avg_effective_scale": 1.58,
      "std_effective_scale": 0.6727949622466638,
      "success_count": 31,
      "total_rounds": 50,
      "packet_loss_rate": 0.4733333333333334,
      "raw_effective_scales": [
        0,
        1,
        2,
        2,
        2,
        2,
        2,
        2,
        2,
        2,
        1,
        1,
        1,
        2,
        1,
        2,
        1,
        2,
        2,
        2,
        1,
        0,
        1,
        2,
        2,
        2,
        2,
        2,
        2,
        2,
        2,
        2,
        2,
        2,
        0,
        2,
        2,
        1,
        2,
        0,
        1,
        2,
        2,
        2,
        2,
        0,
        1,
        2,
        2,
        2
      ]
    }
  ]
}