{
  "start_time": "2026-01-26T10:47:31.960423",
  "total_nodes": 6,
  "snr": 16.0,
  "n": 4,
  "p_node_levels": [
    0.6,
    0.7,
    0.8,
    0.9
  ],
  "rounds_per_config": 100,
  "vote_deadline": 2.0,
  "results": [
    {
      "snr": 16.0,
      "p_node": 0.6,
      "n": 4,
      "p_sys": 0.57,
      "avg_effective_scale": 2.34,
      "std_effective_scale": 0.9557904339003156,
      "success_count": 57,
      "total_rounds": 100,
      "packet_loss_rate": 0.21999999999999997,
      "raw_effective_scales": [
        1,
        3,
        0,
        3,
        1,
        3,
        3,
        3,
        1,
        0,
        1,
        3,
        1,
        3,
        2,
        2,
        3,
        3,
        3,
        3,
        2,
        3,
        3,
        0,
        3,
        3,
        3,
        2,
        3,
        1,
        1,
        2,
        1,
        3,
        1,
        3,
        3,
        3,
        1,
        2,
        3,
        3,
        0,
        2,
        2,
        3,
        3,
        3,
        2,
        3,
        3,
        3,
        3,
        2,
        3,
        3,
        1,
        3,
        3,
        2,
        2,
        3,
        3,
        3,
        2,
        1,
        3,
        3,
        3,
        3,
        3,
        3,
        3,
        1,
        1,
        1,
        2,
        0,
        3,
        3,
        3,
        3,
        3,
        3,
        3,
        3,
        3,
        2,
        3,
        3,
        3,
        3,
        3,
        3,
        1,
        3,
        2,
        3,
        0,
        3
      ]
    },
    {
      "snr": 16.0,
      "p_node": 0.7,
      "n": 4,
      "p_sys": 0.73,
      "avg_effective_scale": 2.28,
      "std_effective_scale": 0.9648363026488436,
      "success_count": 73,
      "total_rounds": 100,
      "packet_loss_rate": 0.24,
      "raw_effective_scales": [
        3,
        3,
        3,
        3,
        2,
        1,
        3,
        2,
        2,
        2,
        3,
        3,
        1,
        1,
        1,
        3,
        3,
        3,
        3,
        0,
        2,
        1,
        1,
        3,
        3,
        3,
        2,
        1,
        3,
        3,
        3,
        1,
        1,
        2,
        3,
        1,
        3,
        3,
        2,
        3,
        3,
        3,
        3,
        0,
        3,
        3,
        3,
        1,
        3,
        2,
        3,
        1,
        0,
        3,
        0,
        3,
        3,
        3,
        3,
        3,
        0,
        2,
        3,
        3,
        2,
        1,
        2,
        3,
        1,
        3,
        3,
        3,
        2,
        3,
        3,
        3,
        3,
        0,
        2,
        3,
        3,
        3,
        2,
        3,
        3,
        1,
        3,
        3,
        1,
        1,
        3,
        3,
        1,
        3,
        3,
        2,
        3,
        2,
        3,
        2
      ]
    },
    {
      "snr": 16.0,
      "p_node": 0.8,
      "n": 4,
      "p_sys": 0.8,
      "avg_effective_scale": 2.07,
      "std_effective_scale": 1.0848357879737776,
      "success_count": 80,
      "total_rounds": 100,
      "packet_loss_rate": 0.31000000000000005,
      "raw_effective_scales": [
        3,
        3,
        1,
        0,
        3,
        1,
        3,
        3,
        1,
        1,
        2,
        3,
        3,
        3,
        3,
        3,
        2,
        3,
        1,
        0,
        3,
        1,
        3,
        1,
        3,
        1,
        3,
        1,
        3,
        3,
        1,
        3,
        0,
        3,
        3,
        0,
        3,
        1,
        3,
        1,
        3,
        3,
        1,
        3,
        3,
        3,
        1,
        3,
        3,
        3,
        1,
        3,
        1,
        3,
        2,
        2,
        2,
        1,
        3,
        3,
        3,
        0,
        3,
        0,
        3,
        3,
        3,
        0,
        3,
        1,
        3,
        1,
        3,
        3,
        1,
        3,
        1,
        1,
        3,
        1,
        3,
        0,
        2,
        1,
        1,
        3,
        1,
        1,
        1,
        3,
        3,
        3,
        3,
        3,
        3,
        2,
        1,
        1,
        3,
        1
      ]
    },
    {
      "snr": 16.0,
      "p_node": 0.9,
      "n": 4,
      "p_sys": 0.98,
      "avg_effective_scale": 2.24,
      "std_effective_scale": 0.9756634624291267,
      "success_count": 98,
      "total_rounds": 100,
      "packet_loss_rate": 0.2533333333333333,
      "raw_effective_scales": [
        2,
        2,
        3,
        3,
        1,
        1,
        3,
        3,
        1,
        3,
        3,
        2,
        1,
        3,
        3,
        1,
        3,
        3,
        3,
        0,
        3,
        2,
        3,
        3,
        3,
        1,
        3,
        2,
        1,
        1,
        3,
        3,
        3,
        3,
        1,
        1,
        3,
        3,
        1,
        2,
        3,
        3,
        1,
        2,
        3,
        3,
        3,
        3,
        3,
        3,
        2,
        3,
        3,
        3,
        2,
        3,
        3,
        3,
        1,
        0,
        2,
        3,
        1,
        3,
        1,
        0,
        3,
        3,
        3,
        3,
        3,
        1,
        3,
        3,
        3,
        1,
        1,
        1,
        3,
        1,
        3,
        3,
        3,
        1,
        0,
        1,
        3,
        3,
        1,
        3,
        3,
        1,
        3,
        2,
        3,
        3,
        2,
        3,
        1,
        1
      ]
    }
  ]
}