{
  "start_time": "2026-01-25T21:41:08.092615",
  "total_nodes": 6,
  "snr": 18.0,
  "n": 4,
  "p_node_levels": [
    0.6,
    0.7,
    0.8,
    0.9,
    1.0
  ],
  "rounds_per_config": 30,
  "vote_deadline": 2.0,
  "results": [
    {
      "snr": 18.0,
      "p_node": 0.6,
      "n": 4,
      "p_sys": 0.7,
      "avg_effective_scale": 2.033333333333333,
      "std_effective_scale": 0.9994251221140299,
      "success_count": 21,
      "total_rounds": 30,
      "raw_effective_scales": [
        0,
        3,
        1,
        2,
        2,
        1,
        3,
        3,
        2,
        3,
        3,
        0,
        3,
        2,
        3,
        2,
        3,
        1,
        2,
        3,
        3,
        2,
        0,
        2,
        1,
        3,
        2,
        2,
        1,
        3
      ]
    },
    {
      "snr": 18.0,
      "p_node": 0.7,
      "n": 4,
      "p_sys": 0.8666666666666667,
      "avg_effective_scale": 1.9333333333333333,
      "std_effective_scale": 1.0806553992619585,
      "success_count": 26,
      "total_rounds": 30,
      "raw_effective_scales": [
        1,
        1,
        3,
        1,
        0,
        3,
        1,
        3,
        3,
        3,
        1,
        3,
        3,
        2,
        0,
        3,
        1,
        2,
        3,
        3,
        2,
        1,
        3,
        3,
        1,
        0,
        2,
        1,
        2,
        3
      ]
    },
    {
      "snr": 18.0,
      "p_node": 0.8,
      "n": 4,
      "p_sys": 0.8666666666666667,
      "avg_effective_scale": 2.2666666666666666,
      "std_effective_scale": 0.980265035707122,
      "success_count": 26,
      "total_rounds": 30,
      "raw_effective_scales": [
        3,
        3,
        1,
        3,
        3,
        2,
        1,
        1,
        3,
        3,
        1,
        2,
        3,
        3,
        3,
        1,
        3,
        3,
        1,
        1,
        3,
        3,
        2,
        3,
        1,
        3,
        3,
        3,
        3,
        0
      ]
    },
    {
      "snr": 18.0,
      "p_node": 0.9,
      "n": 4,
      "p_sys": 0.9666666666666667,
      "avg_effective_scale": 2.1333333333333333,
      "std_effective_scale": 1.0080138659874618,
      "success_count": 29,
      "total_rounds": 30,
      "raw_effective_scales": [
        3,
        1,
        1,
        1,
        3,
        1,
        3,
        3,
        3,
        3,
        3,
        3,
        3,
        3,
        3,
        3,
        1,
        1,
        3,
        1,
        2,
        0,
        3,
        1,
        3,
        3,
        2,
        1,
        1,
        2
      ]
    }
  ]
}