{
  "start_time": "2026-01-26T11:14:28.922475",
  "total_nodes": 6,
  "snr": 16.0,
  "n": 4,
  "p_node_levels": [
    0.6,
    0.7,
    0.8,
    0.9
  ],
  "rounds_per_config": 50,
  "vote_deadline": 2.0,
  "results": [
    {
      "snr": 16.0,
      "p_node": 0.6,
      "n": 4,
      "p_sys": 0.56,
      "avg_effective_scale": 1.32,
      "std_effective_scale": 0.7677159338596802,
      "success_count": 28,
      "total_rounds": 50,
      "packet_loss_rate": 0.56,
      "raw_effective_scales": [
        2,
        2,
        2,
        2,
        1,
        2,
        2,
        2,
        2,
        1,
        1,
        2,
        2,
        2,
        0,
        2,
        2,
        2,
        1,
        1,
        1,
        0,
        2,
        0,
        1,
        2,
        2,
        0,
        2,
        1,
        0,
        1,
        2,
        0,
        0,
        2,
        0,
        2,
        1,
        2,
        2,
        1,
        1,
        1,
        1,
        1,
        0,
        2,
        1,
        2
      ]
    },
    {
      "snr": 16.0,
      "p_node": 0.7,
      "n": 4,
      "p_sys": 0.78,
      "avg_effective_scale": 1.48,
      "std_effective_scale": 0.7068181072487418,
      "success_count": 39,
      "total_rounds": 50,
      "packet_loss_rate": 0.5066666666666666,
      "raw_effective_scales": [
        2,
        0,
        1,
        2,
        1,
        0,
        2,
        2,
        1,
        1,
        2,
        2,
        0,
        0,
        1,
        1,
        1,
        2,
        2,
        2,
        2,
        1,
        2,
        2,
        2,
        1,
        1,
        2,
        2,
        2,
        2,
        2,
        2,
        2,
        2,
        2,
        1,
        2,
        2,
        2,
        1,
        2,
        2,
        1,
        2,
        0,
        2,
        0,
        2,
        1
      ]
    }
  ]
}