{
  "start_time": "2026-01-25T21:18:22.718137",
  "total_nodes": 6,
  "snr": 18.0,
  "n": 4,
  "p_node_levels": [
    0.6,
    0.7,
    0.8,
    0.9,
    1.0
  ],
  "rounds_per_config": 30,
  "vote_deadline": 2.0,
  "results": [
    {
      "snr": 18.0,
      "p_node": 0.6,
      "n": 4,
      "p_sys": 0.5666666666666667,
      "avg_effective_scale": 2.3,
      "std_effective_scale": 0.952311163288627,
      "success_count": 17,
      "total_rounds": 30,
      "raw_effective_scales": [
        1,
        3,
        2,
        3,
        3,
        0,
        2,
        3,
        3,
        3,
        3,
        3,
        1,
        3,
        3,
        3,
        3,
        2,
        1,
        3,
        1,
        3,
        3,
        3,
        1,
        1,
        1,
        3,
        2,
        3
      ]
    },
    {
      "snr": 18.0,
      "p_node": 0.7,
      "n": 4,
      "p_sys": 0.8666666666666667,
      "avg_effective_scale": 2.466666666666667,
      "std_effective_scale": 0.9371024061116425,
      "success_count": 26,
      "total_rounds": 30,
      "raw_effective_scales": [
        3,
        2,
        1,
        3,
        2,
        3,
        1,
        3,
        3,
        3,
        3,
        3,
        3,
        3,
        2,
        3,
        2,
        3,
        3,
        3,
        3,
        0,
        3,
        3,
        3,
        1,
        0,
        3,
        3,
        3
      ]
    }
  ]
}