{
  "start_time": "2026-01-25T21:07:32.221113",
  "total_nodes": 6,
  "snr": 18.0,
  "n": 4,
  "p_node_levels": [
    0.6,
    0.7,
    0.8,
    0.9,
    1.0
  ],
  "rounds_per_config": 30,
  "vote_deadline": 2.0,
  "results": [
    {
      "snr": 18.0,
      "p_node": 0.6,
      "n": 4,
      "p_sys": 0.4666666666666667,
      "avg_effective_scale": 2,
      "std_effective_scale": 1.0827805840074194,
      "success_count": 14,
      "total_rounds": 30,
      "raw_effective_scales": [
        1,
        3,
        3,
        1,
        3,
        0,
        2,
        3,
        3,
        1,
        3,
        2,
        3,
        1,
        0,
        3,
        3,
        2,
        3,
        1,
        3,
        3,
        0,
        2,
        1,
        1,
        3,
        3,
        2,
        1
      ]
    }
  ]
}