{
  "start_time": "2026-01-25T22:30:18.089251",
  "total_nodes": 6,
  "snr": 8.0,
  "n": 4,
  "p_node_levels": [
    0.6,
    0.7,
    0.8,
    0.9
  ],
  "rounds_per_config": 50,
  "vote_deadline": 2.0,
  "results": [
    {
      "snr": 8.0,
      "p_node": 0.6,
      "n": 4,
      "p_sys": 0.64,
      "avg_effective_scale": 1.48,
      "std_effective_scale": 0.8141603913585719,
      "success_count": 32,
      "total_rounds": 50,
      "raw_effective_scales": [
        2,
        2,
        1,
        2,
        2,
        2,
        1,
        2,
        0,
        2,
        1,
        2,
        1,
        2,
        2,
        0,
        2,
        0,
        1,
        0,
        2,
        2,
        2,
        2,
        2,
        1,
        2,
        0,
        2,
        2,
        2,
        0,
        0,
        0,
        2,
        2,
        2,
        2,
        2,
        2,
        2,
        0,
        2,
        2,
        0,
        2,
        2,
        2,
        2,
        2
      ]
    },
    {
      "snr": 8.0,
      "p_node": 0.7,
      "n": 4,
      "p_sys": 0.7,
      "avg_effective_scale": 1.56,
      "std_effective_scale": 0.7329003050503234,
      "success_count": 35,
      "total_rounds": 50,
      "raw_effective_scales": [
        2,
        1,
        1,
        1,
        2,
        2,
        0,
        2,
        2,
        2,
        2,
        0,
        2,
        1,
        0,
        2,
        1,
        2,
        2,
        2,
        2,
        2,
        1,
        2,
        2,
        2,
        2,
        0,
        2,
        2,
        2,
        2,
        2,
        0,
        2,
        2,
        1,
        1,
        2,
        0,
        2,
        2,
        2,
        2,
        2,
        2,
        2,
        0,
        2,
        2
      ]
    },
    {
      "snr": 8.0,
      "p_node": 0.8,
      "n": 4,
      "p_sys": 0.84,
      "avg_effective_scale": 1.44,
      "std_effective_scale": 0.8121525944886797,
      "success_count": 42,
      "total_rounds": 50,
      "raw_effective_scales": [
        2,
        2,
        1,
        2,
        0,
        2,
        2,
        0,
        2,
        2,
        1,
        2,
        2,
        2,
        2,
        0,
        2,
        2,
        2,
        2,
        2,
        2,
        1,
        0,
        1,
        2,
        2,
        1,
        2,
        2,
        2,
        2,
        2,
        2,
        2,
        1,
        0,
        0,
        1,
        2,
        2,
        0,
        2,
        2,
        0,
        0,
        1,
        2,
        2,
        0
      ]
    },
    {
      "snr": 8.0,
      "p_node": 0.9,
      "n": 4,
      "p_sys": 0.96,
      "avg_effective_scale": 1.52,
      "std_effective_scale": 0.7351245903010633,
      "success_count": 48,
      "total_rounds": 50,
      "raw_effective_scales": [
        2,
        2,
        2,
        2,
        1,
        0,
        2,
        2,
        0,
        2,
        2,
        1,
        0,
        0,
        2,
        2,
        1,
        2,
        2,
        2,
        2,
        1,
        2,
        2,
        2,
        2,
        2,
        2,
        1,
        2,
        2,
        2,
        1,
        1,
        2,
        2,
        0,
        2,
        1,
        1,
        2,
        2,
        2,
        0,
        1,
        2,
        2,
        0,
        2,
        2
      ]
    }
  ]
}