{
  "start_time": "2026-01-25T20:42:17.147206",
  "total_nodes": 6,
  "snr": 18.0,
  "n": 4,
  "p_node_levels": [
    0.6,
    0.7,
    0.8,
    0.9,
    1.0
  ],
  "rounds_per_config": 30,
  "vote_deadline": 2.0,
  "results": [
    {
      "snr": 18.0,
      "p_node": 0.6,
      "n": 4,
      "p_sys": 1.0,
      "avg_effective_scale": 2.4,
      "std_effective_scale": 0.932183199398798,
      "success_count": 30,
      "total_rounds": 30,
      "raw_effective_scales": [
        3,
        3,
        2,
        3,
        3,
        3,
        3,
        1,
        3,
        0,
        3,
        1,
        3,
        3,
        3,
        3,
        2,
        3,
        3,
        3,
        2,
        1,
        3,
        3,
        3,
        1,
        1,
        1,
        3,
        3
      ]
    },
    {
      "snr": 18.0,
      "p_node": 0.7,
      "n": 4,
      "p_sys": 0.9333333333333333,
      "avg_effective_scale": 2.2666666666666666,
      "std_effective_scale": 0.9071871393197362,
      "success_count": 28,
      "total_rounds": 30,
      "raw_effective_scales": [
        3,
        2,
        3,
        2,
        3,
        3,
        2,
        3,
        3,
        3,
        1,
        0,
        3,
        3,
        3,
        1,
        1,
        3,
        2,
        3,
        2,
        3,
        2,
        3,
        3,
        1,
        2,
        1,
        3,
        1
      ]
    },
    {
      "snr": 18.0,
      "p_node": 0.8,
      "n": 4,
      "p_sys": 0.9666666666666667,
      "avg_effective_scale": 2.066666666666667,
      "std_effective_scale": 1.112106833535071,
      "success_count": 29,
      "total_rounds": 30,
      "raw_effective_scales": [
        0,
        3,
        1,
        3,
        3,
        0,
        3,
        3,
        1,
        1,
        2,
        1,
        3,
        1,
        3,
        3,
        0,
        3,
        3,
        3,
        3,
        2,
        3,
        3,
        1,
        3,
        1,
        2,
        1,
        3
      ]
    },
    {
      "snr": 18.0,
      "p_node": 0.9,
      "n": 4,
      "p_sys": 1.0,
      "avg_effective_scale": 2.1666666666666665,
      "std_effective_scale": 1.1472105098991154,
      "success_count": 30,
      "total_rounds": 30,
      "raw_effective_scales": [
        1,
        3,
        1,
        3,
        1,
        3,
        3,
        3,
        1,
        0,
        3,
        3,
        3,
        3,
        3,
        0,
        3,
        3,
        1,
        1,
        0,
        3,
        1,
        3,
        3,
        3,
        1,
        3,
        3,
        3
      ]
    },
    {
      "snr": 18.0,
      "p_node": 1.0,
      "n": 4,
      "p_sys": 1.0,
      "avg_effective_scale": 2.033333333333333,
      "std_effective_scale": 1.0661996103898193,
      "success_count": 30,
      "total_rounds": 30,
      "raw_effective_scales": [
        2,
        0,
        3,
        1,
        1,
        3,
        1,
        1,
        1,
        1,
        1,
        3,
        1,
        3,
        3,
        3,
        3,
        1,
        0,
        3,
        3,
        3,
        3,
        3,
        2,
        3,
        1,
        3,
        3,
        2
      ]
    }
  ]
}