{
  "start_time": "2026-01-26T11:05:48.976056",
  "total_nodes": 6,
  "snr": 16.0,
  "n": 4,
  "p_node_levels": [
    0.6,
    0.7,
    0.8,
    0.9
  ],
  "rounds_per_config": 50,
  "vote_deadline": 2.0,
  "results": [
    {
      "snr": 16.0,
      "p_node": 0.6,
      "n": 4,
      "p_sys": 0.72,
      "avg_effective_scale": 2.06,
      "std_effective_scale": 0.9981615754036242,
      "success_count": 36,
      "total_rounds": 50,
      "packet_loss_rate": 0.31333333333333335,
      "raw_effective_scales": [
        3,
        3,
        0,
        2,
        1,
        3,
        3,
        3,
        1,
        3,
        2,
        1,
        1,
        1,
        3,
        3,
        1,
        0,
        3,
        3,
        3,
        2,
        3,
        3,
        3,
        3,
        0,
        2,
        3,
        3,
        3,
        1,
        2,
        3,
        2,
        3,
        2,
        2,
        3,
        1,
        1,
        1,
        1,
        2,
        1,
        1,
        3,
        3,
        2,
        1
      ]
    },
    {
      "snr": 16.0,
      "p_node": 0.7,
      "n": 4,
      "p_sys": 0.78,
      "avg_effective_scale": 2.24,
      "std_effective_scale": 0.938083151964686,
      "success_count": 39,
      "total_rounds": 50,
      "packet_loss_rate": 0.2533333333333333,
      "raw_effective_scales": [
        2,
        3,
        3,
        3,
        1,
        1,
        3,
        1,
        1,
        3,
        3,
        3,
        1,
        3,
        1,
        3,
        3,
        3,
        3,
        1,
        3,
        3,
        2,
        1,
        3,
        3,
        3,
        2,
        1,
        3,
        3,
        1,
        2,
        3,
        2,
        3,
        0,
        3,
        3,
        1,
        3,
        3,
        1,
        3,
        3,
        2,
        3,
        1,
        2,
        1
      ]
    },
    {
      "snr": 16.0,
      "p_node": 0.8,
      "n": 4,
      "p_sys": 0.96,
      "avg_effective_scale": 1.7,
      "std_effective_scale": 1.0546302185881,
      "success_count": 48,
      "total_rounds": 50,
      "packet_loss_rate": 0.43333333333333335,
      "raw_effective_scales": [
        1,
        3,
        1,
        3,
        1,
        1,
        3,
        2,
        1,
        1,
        3,
        3,
        1,
        1,
        1,
        1,
        1,
        3,
        1,
        3,
        1,
        3,
        1,
        3,
        3,
        1,
        0,
        3,
        2,
        1,
        3,
        0,
        1,
        1,
        3,
        1,
        1,
        1,
        0,
        3,
        3,
        3,
        3,
        1,
        2,
        1,
        1,
        0,
        1,
        3
      ]
    },
    {
      "snr": 16.0,
      "p_node": 0.9,
      "n": 4,
      "p_sys": 0.94,
      "avg_effective_scale": 2.22,
      "std_effective_scale": 0.9538322275784914,
      "success_count": 47,
      "total_rounds": 50,
      "packet_loss_rate": 0.26,
      "raw_effective_scales": [
        3,
        3,
        2,
        3,
        0,
        2,
        2,
        1,
        3,
        3,
        3,
        3,
        2,
        2,
        3,
        3,
        1,
        3,
        3,
        2,
        3,
        1,
        3,
        1,
        2,
        2,
        3,
        3,
        1,
        3,
        1,
        3,
        1,
        3,
        3,
        3,
        3,
        3,
        1,
        3,
        0,
        1,
        1,
        2,
        1,
        3,
        1,
        3,
        3,
        3
      ]
    }
  ]
}