{
  "start_time": "2026-01-25T22:03:18.960977",
  "total_nodes": 6,
  "snr": 18.0,
  "n": 4,
  "p_node_levels": [
    0.6,
    0.7,
    0.8,
    0.9
  ],
  "rounds_per_config": 40,
  "vote_deadline": 2.0,
  "results": [
    {
      "snr": 18.0,
      "p_node": 0.6,
      "n": 4,
      "p_sys": 0.725,
      "avg_effective_scale": 2.175,
      "std_effective_scale": 1.0098870208452997,
      "success_count": 29,
      "total_rounds": 40,
      "raw_effective_scales": [
        1,
        3,
        1,
        3,
        2,
        3,
        3,
        1,
        1,
        1,
        2,
        3,
        3,
        1,
        1,
        1,
        1,
        3,
        3,
        3,
        2,
        3,
        3,
        1,
        3,
        3,
        1,
        3,
        3,
        3,
        3,
        0,
        0,
        3,
        3,
        2,
        3,
        3,
        2,
        3
      ]
    },
    {
      "snr": 18.0,
      "p_node": 0.7,
      "n": 4,
      "p_sys": 0.675,
      "avg_effective_scale": 2.2,
      "std_effective_scale": 1.0426789952710696,
      "success_count": 27,
      "total_rounds": 40,
      "raw_effective_scales": [
        2,
        2,
        3,
        2,
        3,
        3,
        3,
        3,
        2,
        1,
        3,
        3,
        3,
        3,
        0,
        3,
        3,
        3,
        3,
        2,
        0,
        1,
        3,
        3,
        3,
        3,
        3,
        1,
        1,
        3,
        1,
        3,
        1,
        3,
        0,
        3,
        1,
        1,
        3,
        1
      ]
    }
  ]
}