{
  "start_time": "2026-01-26T15:31:04.066660",
  "total_nodes": 6,
  "snr": 4.0,
  "n": 4,
  "p_node_levels": [
    0.6,
    0.7,
    0.8,
    0.9
  ],
  "rounds_per_config": 200,
  "vote_deadline": 0.4,
  "results": [
    {
      "snr": 4.0,
      "p_node": 0.6,
      "n": 4,
      "p_sys": 0.61,
      "avg_effective_scale": 0.715,
      "std_effective_scale": 0.7980976124478603,
      "success_count": 122,
      "total_rounds": 200,
      "packet_loss_rate": 0.7616666666666667,
      "raw_effective_scales": [
        0,
        3,
        0,
        0,
        0,
        0,
        1,
        2,
        2,
        0,
        0,
        0,
        2,
        1,
        1,
        0,
        2,
        1,
        1,
        0,
        0,
        0,
        3,
        1,
        1,
        0,
        1,
        1,
        2,
        0,
        0,
        0,
        2,
        0,
        1,
        1,
        1,
        0,
        0,
        1,
        1,
        1,
        0,
        2,
        0,
        0,
        0,
        2,
        1,
        0,
        0,
        1,
        0,
        0,
        0,
        1,
        1,
        2,
        0,
        0,
        1,
        2,
        2,
        0,
        0,
        1,
        0,
        1,
        0,
        1,
        0,
        0,
        1,
        2,
        1,
        0,
        0,
        0,
        0,
        0,
        1,
        1,
        0,
        1,
        0,
        2,
        0,
        0,
        0,
        0,
        3,
        1,
        0,
        0,
        0,
        2,
        0,
        0,
        0,
        0,
        1,
        1,
        0,
        1,
        0,
        2,
        1,
        2,
        0,
        1,
        1,
        0,
        0,
        0,
        1,
        2,
        0,
        1,
        2,
        1,
        1,
        0,
        2,
        1,
        2,
        0,
        1,
        0,
        2,
        0,
        1,
        0,
        0,
        0,
        2,
        0,
        1,
        2,
        1,
        0,
        0,
        1,
        0,
        1,
        0,
        0,
        0,
        0,
        0,
        2,
        1,
        0,
        1,
        2,
        1,
        0,
        1,
        1,
        2,
        1,
        0,
        0,
        1,
        1,
        2,
        0,
        1,
        0,
        0,
        0,
        1,
        2,
        0,
        0,
        2,
        0,
        2,
        1,
        1,
        0,
        0,
        0,
        1,
        1,
        1,
        0,
        0,
        0,
        1,
        2,
        2,
        1,
        0,
        1,
        0,
        1,
        2,
        2,
        1,
        0
      ]
    },
    {
      "snr": 4.0,
      "p_node": 0.7,
      "n": 4,
      "p_sys": 0.78,
      "avg_effective_scale": 0.91,
      "std_effective_scale": 0.7581384236053029,
      "success_count": 156,
      "total_rounds": 200,
      "packet_loss_rate": 0.6966666666666667,
      "raw_effective_scales": [
        1,
        1,
        0,
        1,
        2,
        2,
        1,
        1,
        0,
        2,
        0,
        0,
        0,
        0,
        1,
        2,
        0,
        1,
        2,
        1,
        0,
        1,
        2,
        1,
        0,
        0,
        0,
        1,
        1,
        1,
        1,
        0,
        1,
        1,
        1,
        1,
        0,
        2,
        0,
        2,
        1,
        0,
        0,
        1,
        1,
        0,
        2,
        1,
        2,
        1,
        2,
        2,
        3,
        0,
        0,
        1,
        0,
        1,
        1,
        0,
        0,
        1,
        1,
        0,
        1,
        2,
        0,
        0,
        1,
        1,
        2,
        1,
        0,
        1,
        1,
        2,
        1,
        1,
        0,
        2,
        1,
        1,
        0,
        1,
        0,
        0,
        1,
        2,
        2,
        1,
        2,
        0,
        1,
        0,
        2,
        1,
        2,
        1,
        2,
        0,
        1,
        1,
        0,
        2,
        2,
        0,
        0,
        2,
        2,
        0,
        2,
        0,
        1,
        0,
        2,
        0,
        2,
        1,
        0,
        1,
        0,
        2,
        2,
        0,
        1,
        0,
        2,
        0,
        1,
        0,
        1,
        0,
        2,
        0,
        1,
        0,
        1,
        1,
        1,
        2,
        2,
        1,
        0,
        1,
        0,
        2,
        1,
        1,
        1,
        0,
        1,
        1,
        1,
        1,
        1,
        1,
        1,
        0,
        1,
        2,
        1,
        1,
        0,
        2,
        2,
        0,
        1,
        2,
        1,
        0,
        0,
        1,
        1,
        1,
        2,
        2,
        1,
        0,
        1,
        0,
        2,
        0,
        1,
        0,
        1,
        0,
        2,
        1,
        0,
        1,
        2,
        1,
        0,
        0,
        1,
        1,
        1,
        0,
        2,
        1
      ]
    },
    {
      "snr": 4.0,
      "p_node": 0.8,
      "n": 4,
      "p_sys": 0.83,
      "avg_effective_scale": 0.865,
      "std_effective_scale": 0.85465030022717,
      "success_count": 166,
      "total_rounds": 200,
      "packet_loss_rate": 0.7116666666666667,
      "raw_effective_scales": [
        0,
        0,
        1,
        1,
        2,
        0,
        0,
        0,
        1,
        2,
        0,
        0,
        0,
        0,
        1,
        2,
        0,
        0,
        2,
        2,
        0,
        1,
        1,
        3,
        1,
        0,
        1,
        1,
        1,
        1,
        0,
        1,
        2,
        1,
        0,
        0,
        1,
        2,
        1,
        1,
        0,
        0,
        0,
        1,
        0,
        1,
        2,
        1,
        0,
        1,
        1,
        1,
        0,
        0,
        3,
        2,
        0,
        1,
        0,
        0,
        1,
        1,
        1,
        0,
        1,
        0,
        2,
        1,
        0,
        0,
        1,
        2,
        2,
        1,
        2,
        1,
        2,
        1,
        2,
        3,
        0,
        2,
        2,
        2,
        1,
        1,
        0,
        1,
        2,
        1,
        1,
        1,
        1,
        0,
        0,
        1,
        1,
        3,
        0,
        0,
        1,
        2,
        3,
        2,
        1,
        0,
        0,
        1,
        2,
        2,
        0,
        2,
        0,
        0,
        0,
        2,
        0,
        2,
        0,
        0,
        1,
        1,
        0,
        0,
        1,
        1,
        0,
        0,
        3,
        3,
        0,
        0,
        0,
        0,
        1,
        1,
        0,
        1,
        2,
        2,
        1,
        0,
        0,
        0,
        0,
        0,
        0,
        2,
        1,
        1,
        0,
        1,
        0,
        1,
        2,
        1,
        0,
        1,
        1,
        2,
        0,
        0,
        2,
        2,
        0,
        0,
        2,
        2,
        1,
        1,
        1,
        1,
        1,
        0,
        2,
        0,
        0,
        2,
        2,
        1,
        0,
        0,
        1,
        1,
        0,
        0,
        0,
        2,
        0,
        2,
        1,
        0,
        0,
        1,
        1,
        1,
        0,
        0,
        1,
        0
      ]
    },
    {
      "snr": 4.0,
      "p_node": 0.9,
      "n": 4,
      "p_sys": 0.91,
      "avg_effective_scale": 0.765,
      "std_effective_scale": 0.7365374648895531,
      "success_count": 182,
      "total_rounds": 200,