{
  "start_time": "2026-01-26T13:52:40.421123",
  "total_nodes": 6,
  "snr": 4.0,
  "n": 4,
  "p_node_levels": [
    0.6,
    0.7,
    0.8,
    0.9
  ],
  "rounds_per_config": 100,
  "vote_deadline": 2.0,
  "results": [
    {
      "snr": 4.0,
      "p_node": 0.6,
      "n": 4,
      "p_sys": 0.6,
      "avg_effective_scale": 0.92,
      "std_effective_scale": 0.7477913607363481,
      "success_count": 60,
      "total_rounds": 100,
      "packet_loss_rate": 0.6933333333333334,
      "raw_effective_scales": [
        0,
        0,
        1,
        0,
        0,
        2,
        2,
        0,
        0,
        2,
        2,
        0,
        0,
        1,
        3,
        1,
        1,
        1,
        0,
        1,
        0,
        1,
        1,
        1,
        1,
        1,
        1,
        1,
        1,
        1,
        1,
        1,
        0,
        0,
        1,
        1,
        1,
        1,
        1,
        1,
        1,
        1,
        1,
        1,
        1,
        1,
        0,
        1,
        0,
        1,
        0,
        0,
        1,
        3,
        2,
        2,
        1,
        1,
        0,
        1,
        1,
        1,
        1,
        0,
        0,
        1,
        1,
        1,
        1,
        1,
        1,
        1,
        1,
        1,
        1,
        1,
        1,
        1,
        0,
        1,
        1,
        0,
        1,
        0,
        1,
        0,
        0,
        3,
        3,
        2,
        2,
        2,
        2,
        0,
        2,
        2,
        0,
        1,
        0,
        0
      ]
    },
    {
      "snr": 4.0,
      "p_node": 0.7,
      "n": 4,
      "p_sys": 0.74,
      "avg_effective_scale": 1.49,
      "std_effective_scale": 0.9586922911398157,
      "success_count": 74,
      "total_rounds": 100,
      "packet_loss_rate": 0.5033333333333334,
      "raw_effective_scales": [
        1,
        0,
        0,
        0,
        2,
        1,
        0,
        0,
        1,
        1,
        0,
        0,
        2,
        2,
        1,
        1,
        1,
        1,
        1,
        1,
        0,
        0,
        3,
        3,
        0,
        0,
        3,
        3,
        3,
        2,
        2,
        1,
        2,
        2,
        1,
        1,
        2,
        3,
        2,
        3,
        2,
        3,
        3,
        3,
        3,
        3,
        2,
        3,
        2,
        2,
        2,
        2,
        3,
        0,
        3,
        1,
        2,
        2,
        2,
        2,
        2,
        3,
        2,
        2,
        2,
        2,
        1,
        2,
        0,
        1,
        2,
        2,
        2,
        1,
        1,
        1,
        2,
        1,
        1,
        0,
        1,
        1,
        1,
        1,
        0,
        1,
        0,
        1,
        1,
        2,
        1,
        1,
        1,
        1,
        2,
        2,
        2,
        2,
        1,
        0
      ]
    },
    {
      "snr": 4.0,
      "p_node": 0.8,
      "n": 4,
      "p_sys": 0.84,
      "avg_effective_scale": 1.14,
      "std_effective_scale": 0.6033576087532203,
      "success_count": 84,
      "total_rounds": 100,
      "packet_loss_rate": 0.62,
      "raw_effective_scales": [
        1,
        1,
        1,
        2,
        2,
        1,
        1,
        1,
        2,
        1,
        2,
        1,
        2,
        1,
        1,
        2,
        1,
        1,
        0,
        1,
        1,
        1,
        0,
        0,
        2,
        1,
        2,
        2,
        1,
        1,
        1,
        1,
        1,
        1,
        1,
        1,
        1,
        1,
        1,
        1,
        1,
        0,
        0,
        1,
        1,
        1,
        1,
        0,
        1,
        1,
        1,
        1,
        1,
        0,
        2,
        1,
        2,
        0,
        0,
        1,
        2,
        2,
        2,
        1,
        2,
        2,
        2,
        2,
        2,
        1,
        2,
        2,
        1,
        1,
        1,
        2,
        0,
        2,
        1,
        2,
        2,
        2,
        1,
        1,
        1,
        0,
        1,
        0,
        1,
        1,
        1,
        1,
        1,
        1,
        1,
        1,
        1,
        1,
        1,
        1
      ]
    },
    {
      "snr": 4.0,
      "p_node": 0.9,
      "n": 4,
      "p_sys": 0.89,
      "avg_effective_scale": 0.91,
      "std_effective_scale": 0.35090071691478936,
      "success_count": 89,
      "total_rounds": 100,
      "packet_loss_rate": 0.6966666666666667,
      "raw_effective_scales": [
        1,
        1,
        1,
        1,
        1,
        1,
        1,
        1,
        1,
        1,
        1,
        0,
        1,
        1,
        1,
        1,
        1,
        1,
        1,
        1,
        1,
        1,
        0,
        1,
        1,
        1,
        1,
        1,
        1,
        1,
        0,
        1,
        1,
        1,
        1,
        1,
        1,
        1,
        1,
        0,
        1,
        1,
        1,
        1,
        1,
        0,
        1,
        1,
        1,
        1,
        1,
        1,
        1,
        0,
        1,
        1,
        1,
        1,
        1,
        1,
        0,
        1,
        1,
        1,
        1,
        1,
        1,
        1,
        1,
        1,
        1,
        1,
        1,
        1,
        1,
        1,
        1,
        1,
        1,
        1,
        1,
        1,
        1,
        1,
        1,
        1,
        1,
        1,
        1,
        1,
        1,
        1,
        0,
        1,
        1,
        0,
        0,
        0,
        2,
        2
      ]
    }
  ]
}