{
  "start_time": "2026-01-26T15:05:53.924644",
  "total_nodes": 6,
  "snr": 4.0,
  "n": 3,
  "p_node_levels": [
    0.6,
    0.7,
    0.8,
    0.9
  ],
  "rounds_per_config": 200,
  "vote_deadline": 0.4,
  "results": [
    {
      "snr": 4.0,
      "p_node": 0.6,
      "n": 3,
      "p_sys": 0.68,
      "avg_effective_scale": 0.955,
      "std_effective_scale": 0.7521994549988071,
      "success_count": 136,
      "total_rounds": 200,
      "packet_loss_rate": 0.5225,
      "raw_effective_scales": [
        1,
        0,
        0,
        0,
        0,
        0,
        1,
        0,
        0,
        0,
        0,
        2,
        1,
        0,
        0,
        2,
        1,
        0,
        0,
        0,
        0,
        1,
        0,
        1,
        0,
        1,
        0,
        0,
        2,
        2,
        1,
        2,
        0,
        0,
        2,
        0,
        1,
        0,
        0,
        0,
        1,
        1,
        1,
        0,
        1,
        2,
        1,
        1,
        0,
        2,
        1,
        0,
        0,
        1,
        1,
        0,
        0,
        0,
        0,
        0,
        1,
        1,
        0,
        0,
        0,
        1,
        1,
        1,
        0,
        1,
        2,
        2,
        1,
        0,
        0,
        1,
        2,
        0,
        1,
        2,
        2,
        1,
        2,
        2,
        1,
        1,
        2,
        1,
        0,
        1,
        0,
        2,
        2,
        0,
        1,
        1,
        1,
        0,
        0,
        1,
        1,
        2,
        2,
        0,
        1,
        1,
        2,
        1,
        1,
        1,
        0,
        2,
        1,
        0,
        1,
        1,
        1,
        1,
        1,
        2,
        1,
        1,
        1,
        1,
        1,
        2,
        1,
        0,
        1,
        0,
        1,
        2,
        1,
        1,
        2,
        1,
        1,
        2,
        1,
        1,
        1,
        1,
        0,
        1,
        2,
        0,
        2,
        0,
        1,
        1,
        2,
        2,
        0,
        1,
        0,
        2,
        1,
        2,
        2,
        1,
        2,
        1,
        0,
        2,
        1,
        1,
        2,
        2,
        2,
        2,
        1,
        2,
        1,
        1,
        2,
        1,
        2,
        1,
        0,
        2,
        2,
        2,
        2,
        2,
        1,
        1,
        2,
        1,
        1,
        2,
        1,
        1,
        2,
        1,
        0,
        0,
        1,
        2,
        1,
        0
      ]
    },
    {
      "snr": 4.0,
      "p_node": 0.7,
      "n": 3,
      "p_sys": 0.72,
      "avg_effective_scale": 0.925,
      "std_effective_scale": 0.6941065621343671,
      "success_count": 144,
      "total_rounds": 200,
      "packet_loss_rate": 0.5375,
      "raw_effective_scales": [
        1,
        1,
        1,
        0,
        1,
        1,
        1,
        1,
        0,
        0,
        0,
        1,
        1,
        2,
        1,
        2,
        1,
        1,
        1,
        2,
        2,
        2,
        1,
        2,
        0,
        2,
        1,
        1,
        1,
        1,
        0,
        1,
        1,
        1,
        0,
        0,
        1,
        1,
        1,
        1,
        0,
        1,
        0,
        1,
        1,
        1,
        2,
        1,
        1,
        1,
        1,
        1,
        1,
        2,
        0,
        1,
        2,
        2,
        1,
        1,
        1,
        1,
        1,
        1,
        1,
        1,
        2,
        2,
        1,
        0,
        1,
        2,
        2,
        2,
        1,
        2,
        2,
        2,
        0,
        0,
        2,
        2,
        0,
        1,
        2,
        2,
        1,
        1,
        1,
        1,
        1,
        1,
        2,
        1,
        1,
        2,
        2,
        1,
        1,
        1,
        1,
        0,
        1,
        2,
        2,
        1,
        1,
        1,
        1,
        1,
        1,
        1,
        1,
        1,
        0,
        1,
        1,
        0,
        0,
        1,
        2,
        0,
        0,
        1,
        2,
        1,
        0,
        0,
        1,
        1,
        1,
        1,
        0,
        0,
        1,
        0,
        0,
        1,
        2,
        1,
        0,
        0,
        1,
        1,
        1,
        0,
        1,
        1,
        0,
        0,
        0,
        1,
        2,
        0,
        0,
        0,
        2,
        2,
        0,
        0,
        2,
        1,
        1,
        0,
        0,
        0,
        2,
        1,
        0,
        0,
        1,
        1,
        0,
        0,
        1,
        1,
        0,
        0,
        2,
        2,
        1,
        0,
        0,
        1,
        2,
        1,
        0,
        1,
        1,
        0,
        0,
        1,
        2,
        0,
        0,
        1,
        2,
        0,
        0,
        1
      ]
    },
    {
      "snr": 4.0,
      "p_node": 0.8,
      "n": 3,
      "p_sys": 0.805,
      "avg_effective_scale": 0.95,
      "std_effective_scale": 0.721179937680301,
      "success_count": 161,
      "total_rounds": 200,
      "packet_loss_rate": 0.525,
      "raw_effective_scales": [
        1,
        0,
        0,
        1,
        0,
        2,
        0,
        2,
        1,
        1,
        1,
        1,
        2,
        1,
        0,
        1,
        2,
        2,
        1,
        1,
        1,
        2,
        1,
        1,
        1,
        1,
        1,
        1,
        1,
        1,
        1,
        1,
        1,
        0,
        1,
        1,
        1,
        0,
        1,
        0,
        1,
        0,
        1,
        2,
        1,
        1,
        1,
        2,
        1,
        0,
        0,
        1,
        2,
        0,
        1,
        0,
        0,
        1,
        2,
        1,
        0,
        1,
        1,
        0,
        1,
        1,
        1,
        1,
        2,
        0,
        1,
        2,
        0,
        1,
        0,
        0,
        0,
        2,
        1,
        1,
        0,
        2,
        1,
        1,
        1,
        1,
        0,
        2,
        0,
        2,
        0,
        2,
        2,
        0,
        2,
        2,
        2,
        2,
        2,
        2,
        0,
        2,
        2,
        1,
        1,
        2,
        0,
        2,
        0,
        2,
        2,
        2,
        0,
        1,
        1,
        1,
        0,
        1,
        0,
        2,
        1,
        2,
        2,
        0,
        0,
        2,
        2,
        2,
        1,
        1,
        1,
        1,
        0,
        1,
        1,
        1,
        1,
        1,
        1,
        0,
        0,
        1,
        0,
        1,
        1,
        1,
        1,
        0,
        0,
        0,
        0,
        2,
        2,
        0,
        1,
        0,
        0,
        0,
        0,
        0,
        1,
        1,
        0,
        0,
        1,
        0,
        1,
        1,
        1,
        2,
        0,
        0,
        1,
        1,
        1,
        1,
        1,
        2,
        0,
        1,
        0,
        0,
        2,
        2,
        1,
        1,
        2,
        1,
        1,
        0,
        1,
        2,
        1,
        1,
        1,
        1,
        1,
        2,
        2,
        1
      ]
    },
    {
      "snr": 4.0,
      "p_node": 0.9,
      "n": 3,
      "p_sys": 0.945,
      "avg_effective_scale": 0.81,
      "std_effective_scale": 0.6754116556016879,
      "success_count": 189,
      "total_rounds": 200,
      "packet_loss_rate": 0.595,